{
    "rmse": 0.8514566778674058,
    "mae": 0.5057750840579328,
    "r2": 0.973612489517086
}